Workbook

Sheet Read Me
A1: Larkspur Lane Veterinary Clinic - Client List Cleanup
A2: AI-assisted sample by Jennevie Javier. Fictional clinic and fictional client data.
A4: What this file shows
A5: The clinic exported its client list from an old system (tab 'Raw Data'). It had mixed name
A6: formats, inconsistent phone numbers and dates, duplicate clients, and pet types spelled
A7: several ways. The cleaned list is in 'Clean List', and 'Summary' counts it with formulas.
A9: How to use it
A10: 1. Change the yellow Report Date on the 'Summary' tab. Days Since Visit and Reminder update.
A11: 2. 'Reminder' flags pets due for their yearly check (365+ days since last visit).
A12: 3. Rows shaded orange need a follow-up with the client (missing phone or invalid email).
A14: Legend
A15: Blue text on yellow = input you can change. Black text = formula or cleaned data.

Sheet Raw Data
A1: Owner Name | B1: Email | C1: Phone | D1: Pet Name | E1: Pet Type | F1: Last Visit
A2: MARIA SANTOS | B2: MARIA.SANTOS@EXAMPLE.COM | C2: (217) 555-0100 | D2: buddy | E2: Dog | F2: 2026-03-30
A3: james miller | B3: james.miller@example.com | C3: 312.555.0101 | D3: Luna | E3: Cat | F3: 06/26/2026
A4: Linda Reyes | B4: linda.reyes@example.com | C4: 4155550102 | D4: Max | E4: canine | F4: 21 Feb 2026
A5: Johnson, Robert | B5: ROBERT.JOHNSON@EXAMPLE.COM | C5: +1 512 555 0103 | D5: Bella | E5: dog | F5: October 13, 2025
A6: Patricia Garcia | B6: patricia.garcia@example.com | C6: (602) 555-0104 | D6: milo | E6: Cat | F6: 2026-08-18
A7: MICHAEL BROWN | B7: michael.brown@example.com | C7: 702.555.0105 | D7: Coco | E7: dog | F7: 08/05/2026
A8: jennifer cruz | B8: JENNIFER.CRUZ@EXAMPLE.COM | C8: 8085550106 | D8: Oreo | E8: Cat | F8: 18 Jul 2025
A9: David Davis | B9: david.davis@example.com | C9: +1 919 555 0107 | D9: Rocky | E9: Dog | F9: December 11, 2025
A10: Lopez, Susan | B10: susan.lopez@example.com | C10: (217) 555-0108 | D10: nala | E10: CAT | F10: 2026-07-25
A11: Daniel Wilson | B11: DANIEL.WILSON@EXAMPLE.COM | D11: Charlie | E11: canine | F11: 03/08/2026
A12: KAREN TORRES | B12: karen.torres@example.com | C12: 4155550110 | D12: Simba | E12: Cat | F12: 17 Nov 2025
A13: mark moore | B13: mark.moore@example.com | C13: +1 512 555 0111 | D13: Daisy | E13: Dog | F13: August 13, 2026
A14: Nancy Ramos | B14: NANCY.RAMOS@EXAMPLE.COM | C14: (602) 555-0112 | D14: thumper | E14: rabbit | F14: 2025-12-26
A15: Taylor, Paul | B15: paul.taylor@example.com | C15: 702.555.0113 | D15: Lucky | E15: Dog | F15: 05/25/2026
A16: Lisa Flores | B16: lisa.floresexample.com | C16: 8085550114 | D16: Mochi | E16: CAT | F16: 23 Aug 2026
A17: STEVEN ANDERSON | B17: STEVEN.ANDERSON@EXAMPLE.COM | C17: +1 919 555 0115 | D17: Bruno | E17: Dog | F17: July 29, 2026
A18: emily navarro | B18: emily.navarro@example.com | C18: (217) 555-0116 | D18: kitkat | E18: Cat | F18: 2026-02-01
A19: Kevin Thomas | B19: kevin.thomas@example.com | C19: 312.555.0117 | D19: Choco | E19: dog | F19: 02/09/2026
A20: Rivera, Grace | B20: GRACE.RIVERA@EXAMPLE.COM | C20: 4155550118 | D20: Snowy | E20: bunny | F20: 07 Aug 2026
A21: Brian Jackson | B21: brian.jackson@example.com | C21: +1 512 555 0119 | D21: Ginger | E21: Cat | F21: May 11, 2026
A22: Linda Reyes | B22: linda.reyes@example.com | C22: 4155550102 | D22: Max | E22: canine | F22: 21 Feb 2026
A23: ANGELA MENDOZA | B23: angela.mendoza@example.com | C23: (602) 555-0120 | D23: duke | E23: Dog | F23: 2026-07-27
A24: jason white | B24: JASON.WHITE@EXAMPLE.COM | D24: Pepper | E24: CAT | F24: 12/03/2025
A25: Rachel Castillo | B25: rachel.castillo@example.com | C25: (217) 555-0124 | D25: biscuit | E25: dog | F25: 2025-07-15
A26: Melissa Bautista | B26: melissa.bautista@example.com | C26: 8085550122 | D26: Lola | E26: dog | F26: 06 Feb 2026
A27: Harris, Ryan | B27: ryan.harris@example.com | C27: +1 919 555 0123 | D27: Tiger | E27: Cat | F27: August 12, 2026
A28: Rachel Castillo | B28: RACHEL.CASTILLO@EXAMPLE.COM | C28: (217) 555-0124 | D28: biscuit | E28: dog | F28: 2025-07-15
A29: ERIC MARTIN | B29: eric.martin@example.com | C29: 312.555.0125 | D29: Cleo | E29: Cat | F29: 11/26/2025
A30: laura aquino | B30: laura.aquino@example.com | C30: 4155550126 | D30: Zeus | E30: dog | F30: 10 Jul 2026
A31: Adam Clark | B31: ADAM.CLARK@EXAMPLE.COM | C31: +1 512 555 0127 | D31: Misty | E31: Cat | F31: May 20, 2026
A32: Rivera, Grace | B32: grace.rivera@example.com | C32: 4155550118 | D32: Snowy | E32: bunny | F32: 07 Aug 2026
A33: David Davis | B33: david.davis@example.com | C33: +1 919 555 0107 | D33: Rocky | E33: Dog | F33: December 11, 2025
A34: Villanueva, Megan | B34: megan.villanueva@example.com | C34: (602) 555-0128 | D34: teddy | E34: Dog | F34: 2025-10-24
A35: Tyler Lewis | B35: tyler.lewis@example.com | C35: 702.555.0129 | D35: Shadow | E35: feline | F35: 10/25/2025
A36: HANNAH DELA CRUZ | B36: HANNAH.DELACRUZ@EXAMPLE.COM | C36: 8085550130 | D36: Peanut | E36: Dog | F36: 17 Nov 2025
A37: sean walker | B37: sean.walker@example.com | C37: +1 919 555 0131 | D37: Whiskers | E37: feline | F37: August 11, 2026

Sheet Clean List
A1: Client ID | B1: First Name | C1: Last Name | D1: Email | E1: Phone | F1: Pet Name | G1: Species | H1: Last Visit | I1: Days Since Visit | J1: Reminder | K1: Follow-up Note
A2: LLV-001 | B2: Steven | C2: Anderson | D2: steven.anderson@example.com | E2: (919) 555-0115 | F2: Bruno | G2: Dog | H2: 46232 | I2: =Summary!$B$3-H2 -> 64 | J2: =IF(I2>=365,"Yearly check due",IF(I2>=335,"Due within 30 days","OK")) -> OK
A3: LLV-002 | B3: Laura | C3: Aquino | D3: laura.aquino@example.com | E3: (415) 555-0126 | F3: Zeus | G3: Dog | H3: 46213 | I3: =Summary!$B$3-H3 -> 83 | J3: =IF(I3>=365,"Yearly check due",IF(I3>=335,"Due within 30 days","OK")) -> OK
A4: LLV-003 | B4: Melissa | C4: Bautista | D4: melissa.bautista@example.com | E4: (808) 555-0122 | F4: Lola | G4: Dog | H4: 46059 | I4: =Summary!$B$3-H4 -> 237 | J4: =IF(I4>=365,"Yearly check due",IF(I4>=335,"Due within 30 days","OK")) -> OK
A5: LLV-004 | B5: Michael | C5: Brown | D5: michael.brown@example.com | E5: (702) 555-0105 | F5: Coco | G5: Dog | H5: 46239 | I5: =Summary!$B$3-H5 -> 57 | J5: =IF(I5>=365,"Yearly check due",IF(I5>=335,"Due within 30 days","OK")) -> OK
A6: LLV-005 | B6: Rachel | C6: Castillo | D6: rachel.castillo@example.com | E6: (217) 555-0124 | F6: Biscuit | G6: Dog | H6: 45853 | I6: =Summary!$B$3-H6 -> 443 | J6: =IF(I6>=365,"Yearly check due",IF(I6>=335,"Due within 30 days","OK")) -> Yearly check due
A7: LLV-006 | B7: Adam | C7: Clark | D7: adam.clark@example.com | E7: (512) 555-0127 | F7: Misty | G7: Cat | H7: 46162 | I7: =Summary!$B$3-H7 -> 134 | J7: =IF(I7>=365,"Yearly check due",IF(I7>=335,"Due within 30 days","OK")) -> OK
A8: LLV-007 | B8: Jennifer | C8: Cruz | D8: jennifer.cruz@example.com | E8: (808) 555-0106 | F8: Oreo | G8: Cat | H8: 45856 | I8: =Summary!$B$3-H8 -> 440 | J8: =IF(I8>=365,"Yearly check due",IF(I8>=335,"Due within 30 days","OK")) -> Yearly check due
A9: LLV-008 | B9: David | C9: Davis | D9: david.davis@example.com | E9: (919) 555-0107 | F9: Rocky | G9: Dog | H9: 46002 | I9: =Summary!$B$3-H9 -> 294 | J9: =IF(I9>=365,"Yearly check due",IF(I9>=335,"Due within 30 days","OK")) -> OK
A10: LLV-009 | B10: Hannah | C10: Dela Cruz | D10: hannah.delacruz@example.com | E10: (808) 555-0130 | F10: Peanut | G10: Dog | H10: 45978 | I10: =Summary!$B$3-H10 -> 318 | J10: =IF(I10>=365,"Yearly check due",IF(I10>=335,"Due within 30 days","OK")) -> OK
A11: LLV-010 | B11: Lisa | C11: Flores | D11: lisa.floresexample.com | E11: (808) 555-0114 | F11: Mochi | G11: Cat | H11: 46257 | I11: =Summary!$B$3-H11 -> 39 | J11: =IF(I11>=365,"Yearly check due",IF(I11>=335,"Due within 30 days","OK")) -> OK | K11: Email invalid - check with client
A12: LLV-011 | B12: Patricia | C12: Garcia | D12: patricia.garcia@example.com | E12: (602) 555-0104 | F12: Milo | G12: Cat | H12: 46252 | I12: =Summary!$B$3-H12 -> 44 | J12: =IF(I12>=365,"Yearly check due",IF(I12>=335,"Due within 30 days","OK")) -> OK
A13: LLV-012 | B13: Ryan | C13: Harris | D13: ryan.harris@example.com | E13: (919) 555-0123 | F13: Tiger | G13: Cat | H13: 46246 | I13: =Summary!$B$3-H13 -> 50 | J13: =IF(I13>=365,"Yearly check due",IF(I13>=335,"Due within 30 days","OK")) -> OK
A14: LLV-013 | B14: Brian | C14: Jackson | D14: brian.jackson@example.com | E14: (512) 555-0119 | F14: Ginger | G14: Cat | H14: 46153 | I14: =Summary!$B$3-H14 -> 143 | J14: =IF(I14>=365,"Yearly check due",IF(I14>=335,"Due within 30 days","OK")) -> OK
A15: LLV-014 | B15: Robert | C15: Johnson | D15: robert.johnson@example.com | E15: (512) 555-0103 | F15: Bella | G15: Dog | H15: 45943 | I15: =Summary!$B$3-H15 -> 353 | J15: =IF(I15>=365,"Yearly check due",IF(I15>=335,"Due within 30 days","OK")) -> Due within 30 days
A16: LLV-015 | B16: Tyler | C16: Lewis | D16: tyler.lewis@example.com | E16: (702) 555-0129 | F16: Shadow | G16: Cat | H16: 45955 | I16: =Summary!$B$3-H16 -> 341 | J16: =IF(I16>=365,"Yearly check due",IF(I16>=335,"Due within 30 days","OK")) -> Due within 30 days
A17: LLV-016 | B17: Susan | C17: Lopez | D17: susan.lopez@example.com | E17: (217) 555-0108 | F17: Nala | G17: Cat | H17: 46228 | I17: =Summary!$B$3-H17 -> 68 | J17: =IF(I17>=365,"Yearly check due",IF(I17>=335,"Due within 30 days","OK")) -> OK
A18: LLV-017 | B18: Eric | C18: Martin | D18: eric.martin@example.com | E18: (312) 555-0125 | F18: Cleo | G18: Cat | H18: 45987 | I18: =Summary!$B$3-H18 -> 309 | J18: =IF(I18>=365,"Yearly check due",IF(I18>=335,"Due within 30 days","OK")) -> OK
A19: LLV-018 | B19: Angela | C19: Mendoza | D19: angela.mendoza@example.com | E19: (602) 555-0120 | F19: Duke | G19: Dog | H19: 46230 | I19: =Summary!$B$3-H19 -> 66 | J19: =IF(I19>=365,"Yearly check due",IF(I19>=335,"Due within 30 days","OK")) -> OK
A20: LLV-019 | B20: James | C20: Miller | D20: james.miller@example.com | E20: (312) 555-0101 | F20: Luna | G20: Cat | H20: 46199 | I20: =Summary!$B$3-H20 -> 97 | J20: =IF(I20>=365,"Yearly check due",IF(I20>=335,"Due within 30 days","OK")) -> OK
A21: LLV-020 | B21: Mark | C21: Moore | D21: mark.moore@example.com | E21: (512) 555-0111 | F21: Daisy | G21: Dog | H21: 46247 | I21: =Summary!$B$3-H21 -> 49 | J21: =IF(I21>=365,"Yearly check due",IF(I21>=335,"Due within 30 days","OK")) -> OK
A22: LLV-021 | B22: Emily | C22: Navarro | D22: emily.navarro@example.com | E22: (217) 555-0116 | F22: Kitkat | G22: Cat | H22: 46054 | I22: =Summary!$B$3-H22 -> 242 | J22: =IF(I22>=365,"Yearly check due",IF(I22>=335,"Due within 30 days","OK")) -> OK
A23: LLV-022 | B23: Nancy | C23: Ramos | D23: nancy.ramos@example.com | E23: (602) 555-0112 | F23: Thumper | G23: Rabbit | H23: 46017 | I23: =Summary!$B$3-H23 -> 279 | J23: =IF(I23>=365,"Yearly check due",IF(I23>=335,"Due within 30 days","OK")) -> OK
... A31: LLV-030 | B31: Sean | C31: Walker | D31: sean.walker@example.com | E31: (919) 555-0131 | F31: Whiskers | G31: Cat | H31: 46245 | I31: =Summary!$B$3-H31 -> 51 | J31: =IF(I31>=365,"Yearly check due",IF(I31>=335,"Due within 30 days","OK")) -> OK
A32: LLV-031 | B32: Jason | C32: White | D32: jason.white@example.com | F32: Pepper | G32: Cat | H32: 45994 | I32: =Summary!$B$3-H32 -> 302 | J32: =IF(I32>=365,"Yearly check due",IF(I32>=335,"Due within 30 days","OK")) -> OK | K32: Phone missing - ask client
A33: LLV-032 | B33: Daniel | C33: Wilson | D33: daniel.wilson@example.com | F33: Charlie | G33: Dog | H33: 46089 | I33: =Summary!$B$3-H33 -> 207 | J33: =IF(I33>=365,"Yearly check due",IF(I33>=335,"Due within 30 days","OK")) -> OK | K33: Phone missing - ask client

Sheet Summary
A1: Summary
A3: Report Date | B3: 46296
A5: Measure | B5: Value | C5: Group
A6: Total clients (after removing duplicates) | B6: =COUNTA('Clean List'!$A$2:$A$33) -> 32 | C6: Clients
A7: Dogs | B7: =COUNTIF('Clean List'!$G$2:$G$33,"Dog") -> 16 | C7: Clients
A8: Cats | B8: =COUNTIF('Clean List'!$G$2:$G$33,"Cat") -> 14 | C8: Clients
A9: Other pets | B9: =B6-B7-B8 -> 2 | C9: Clients
A10: Yearly check due now | B10: =COUNTIF('Clean List'!$J$2:$J$33,"Yearly check due") -> 2 | C10: Reminders
A11: Due within 30 days | B11: =COUNTIF('Clean List'!$J$2:$J$33,"Due within 30 days") -> 3 | C11: Reminders
A12: Average days since last visit | B12: =ROUND(AVERAGE('Clean List'!$I$2:$I$33),0) -> 194 | C12: Reminders
A13: Clients missing a phone number | B13: =COUNTIF('Clean List'!$K$2:$K$33,"*Phone missing*") -> 2 | C13: Data quality
A14: Clients with an invalid email | B14: =COUNTIF('Clean List'!$K$2:$K$33,"*Email invalid*") -> 1 | C14: Data quality
A15: Duplicate rows removed | B15: 4 | C15: Data quality
A16: Rows in the raw export | B16: =COUNTA('Raw Data'!$A$2:$A$37) -> 36 | C16: Data quality
A17: Check: raw rows minus duplicates = clean rows | B17: =IF(B16-B15=B6,"OK","Mismatch") -> OK | C17: Data quality

Sheet Change Log
A1: Issue found in the raw export | B1: How it was fixed | C1: Rows affected
A2: Names in ALL CAPS, lowercase, extra spaces, or 'Last, First' | B2: Split into First / Last Name, proper case, spaces trimmed | C2: 26
A3: Emails in capitals or with spaces around them | B3: Trimmed and lowercased | C3: 21
A4: Phone numbers in 4 different formats | B4: One format: (555) 555-0100 | C4: 22
A5: Pet type spelled several ways (dog, DOG, canine...) | B5: Standard list: Dog, Cat, Rabbit | C5: 26
A6: Dates in 4 different formats | B6: Real Excel dates, shown as 'Mmm d, yyyy' | C6: 24
A7: Same client entered twice | B7: Kept one row per email | C7: 4
A8: Missing phone / invalid email | B8: Kept, shaded orange, follow-up note added | C8: 3
A10: Row counts are from the cleanup run, not formulas.
